bitcoin,859
ethereum,145
xrp,619
ripple,619
cardano,122882
litecoin,359
bitcoin-cash,157
chainlink,7618
binance-coin,1209
stellar,489
tether,637
bitcoin-sv,1510485
monero,6
synthetix,1510573
eos,585
tezos,986
nem,544
tron,8550
ethlend,237537
theta-token,433804
neo,1015
cosmos,392
vechain,1248415
maker,864
dash,1188
huobi-token,503637
iota,1026
zcash,66
dogecoin,280
crypto.com-chain,1510617
ethereum-classic,451
zilliqa,466354
waves,1250
decred,96
omisego,135
digix-dao,300
nano,1187
uscoin,648685
ontology,633095
basic-attention-token,1088
loopring,122808
nexo,859347
okb-token,735538
republic-protocol,575371
0x,386
digibyte,61
icon,122908
algorand,1511107
qtum,1222
flexacoin,1511075
edcblockchain,1511019
iostoken,426982
kybernetwork-crystal,1315
bitcoin-gold,44
quant,1313553
augur,1399
luna,123033
verge,104
enjin-coin,2966
siacoin,1220
status-network-token,1146
paxos-standard-token,1467166
lisk,299
atomic-coin,17
reserve-rights,1511092
horizen,631
bitcoin-diamond,227275
trueusd,628799
golem-network-token,538
maidsafe-coin,1487
abbc,1510336
zb-token,773185
decentraland,441
dai,345508
holotoken,849465
monacoin,923
bancor-network-token,953
gnosis,829
utrust,1159
aragon,1460
theta-fuel,1510984
voyager-token,201021
iex.ec,920
funfair,734
tomocoin,637906
matic-network,1510954
ravencoin,623809
pundi-x,491207
unibright,939289
ardor,799
thex,1510847
whitecoin,718
district0x,1373
aelf,324162
bitshares,831
dxchain-token,1270055
bytom,720
steem,545
komodo,816
electroneum,124759
storj,1162
hyperion,1510706
aidos-kuneen,123065
civic,913
fantom-token,1388222
waykichain,408577
syscoin,1252
power-ledger,122885
ark,93
gemini-dollar,1501078
populous,15
telcoin,422721
reddcoin,998
elastos,495979
steem-backed-dollars,233
singularitynet,439258
wanchain,971
salt-lending,122821
loom-network,666338
stratis,397
solve,1510947
aion,123072
streamr-datacoin,131829
hshare,122898
melon,620
kin-coin,2603
aeternity,1461
ignis,1478
nimiq,958873
centrality,658650
adex,294
bytecoin,1636
v-systems,1511046
groestlcoin,773
zcoin,1470
hyundai-dac,1232916
gx-coin,1377
haven-protocol,707364
pivx-coin,1451
request-network,122803
ripio,287
orbis,1228134
dent,803
lbry-credits,662
gxshares,122915
einsteinium,429
quantstamp,201526
nexus,311
nuls,123078
airswap,653
bluzelle,518956
crypterium,455260
cortex,735537
gas,1488
everipedia,1155407
metronome,1141275
metal,1233
celer-network,1510965
storm,279
enigma,1179
nebulas-token,123059
waltonchain,2492
latoken,122775
mainframe,1122191
neblio,661
cindicator,269
qash,10
lambda,1510679
apollo-currency,1216731
vertcoin,1092
factom,858
navcoin,271
iotex,953087
zap,413351
nxt,1057
eidoo,122894
peercoin,1484
sirinlabs,183348
dragonchain,122900
revain,122852
moeda,122874
genesis-vision,182666
refereum,608776
dmarket,122787
karatgold-coin,829833
raiden-network,150174
grin,1510694
dock,768563
ruff,482861
monaco,844
viacoin,676
arcblock,198994
cybermiles,263768
metaverse,122845
dero,528010
ong.social,241744
ubiq,1348
blocknet,713
seele,979986
digitalnote,689
gifto,311709
fusion,303
wagerr,272
bread-token,328367
sentinel-protocol,1081640
everex,259
endor-protocol-token-,1027333
bibox-token,336603
genaro-network,312890
bitkan-token,962451
selfkey,126776
suncontract,1000
linkeye,464139
gulden,1063
vite,1172787
tenx,182
constellation,1061381
jibrel-network-token,211292
skycoin,711
digitex-futures,924111
pumapay,409437
nucleus-vision,595807
phantasma,1028016
time-new-bank,312048
cardstack,1114863
achain,128
coindash,958
mobius,1319
wepower,122854
super-zero,1510973
poa-network,604006
litecoincash,579797
particl,293
smartlands,467209
vibe-(vibehub),122887
wabi,122778
smartcash,89
nkn,967565
quarkchain,995471
tokenclub,407380
propy,69
mithril,641331
simpletoken,142590
agrello-delta,253
qlc-chain,356937
rotharium,949001
blackcoin,1229
amo-coin,950872
abyss,239390
singulardtv,267
aeoncoin,266
sonm,475
tiger-cash,1245350
viberate,45
burst,765
appcoins,122833
pundi-x-nem,1313546
cpchain,489163
odem,768383
newton,1510942
ilcoin,904
dentacoin,1138
smartmesh,316088
veridocglobal,996329
vinchain,582526
iot-chain,371810
swftcoin,399030
yoyow,122765
oax,1298
b2bx,199672
atlas-protocol,1510542
ugas,1510938
harvest-masternode-coin,430743
oneroot-network,425791
bit-z-token,1144510
beam,1510680
noahcoin,657934
medishares,289334
data,461583
bezant,899913
egretia,1110597
rocketcoin-,179283
airbloc,1282142
force-network,128127
credits,950
lympo,545715
nix-platform,1090000
fnb-protocol,1511173
wings-dao,664
ambrosus,838
zel,723422
zeon-network,1510658
peculium,579454
blockmason-credit-protocol,122924
internet-node-token,437381
remme,388311
xaurum,1142
aichain,427665
monetha,50
qunqun,413349
blue-whale-token,1313552
tourist-token,1023747
lina,829659
merculet,1061382
tierion,434
isiklar-coin,1511350
eden-coin,1424858
nos-coin,1021189
asch,423
skrumble-network,886791
curecoin,746
hashgard,1172785
yee,444707
oneledger,1150811
tolar,1496791
qchi,1261362
cloakcoin,1302
daex,863272
odyssey,460203
quadrantprotocol,1510578
humaniq,780
exrnchain,123102
lobstex-coin,886792
chatcoin,1231
friendz,748041
birake,1388045
deepbrain-chain,352566
eosdac,801518
scry.info,443174
hbz-coin,528011
chainium,834633
tokenpay,516571
robotina,698159
contentbox,1179435
hyperspace,158
internxt,122847
vexanium,1192213
0xbitcoin,962632
primas,194
substratum-network,420
bitmark,381
bittube,927701
zumcoin,1511124
alphacat,553713
ubex,953941
geocoin,1158
datum,122789
bottos,421527
yeed,1510380
moneytoken,1175178
content-neutrality-network,915256
elrond,1511171
zebi-coin,849464
ether-1,983390
sharder,865829
echolink,1239
seal-network,1294100
cosmo-coin,1313543
cryptoverificationcoin,1511080
mercury,721
apex,783931
adcoin,430
hydro,723229
sibcoin,318
expanse,728
ultimate-secure-cash,1371
po.et,640
snowgem,783417
hello-gold,753
iht-real-estate-protocol,608775
acute-angle-cloud,444706
sphere-coin,1183
dprating,1310120
arbidex-token,1023745
crypviser,694
midasprotocol,1467168
pepe-memetic,790
hoqu,322644
mexc-token,1511174
lunyr,1361
storiqa-token,574341
rate3,1085565
turtlecoin,527328
ionchain,1510417
0xcert,1149108
parallelcoin,905
beetlecoin,599899
bethereum,1488722
axe,1421773
nasdacoin,1319552
super-coinview-token,1511060
qbao,255359
sophiatx,169351
transcodium,740363
apr-coin,861732
etherparty,1689
burstocean,123050
tokenbox,459692
bigbom,995299
zilla,503638
proton-token,1085394
fox-trading,723057
erc20,156239
aditus,633105
jetcoin,122992
dacash,1122017
decentralized-machine-learning,869403
atb-coin,154
truegame,1105483
metamorph-pro,1023748
elysian,994447
igtoken,1265451
coinsuper-ecosystem-network,1224729
evencoin,629006
more-coin,1066319
truedeck,1113329
xuez,1021188
boldman-capital,1510532
blocktrade,953088
vikkytoken,1204132
metacash,1309947
safeinsure,1457567
webcoin,122810
cometcoin,668
arcade-token,122984
dnotes,1425
xovbank,1253864
help,1231715
kalkulus,311707
crystal-token,1510448
bipcoin,555
paypex,183858
eterbase,1510654
incrementum,43
opensourcecoin,79
phalanx,86
mycelium-token,131
midnight,180
mastermint,185
hedgecoin,240
dotcoin,250
radonpay,263
node,325
cryptospots,353
faucetcoin,407
polybit,443
arpacoin,529
miniapps,530
veredictum,550
filecoin,563
nukecoinz,572
wink,599
minerals-coin,655
eggcoin,679
fcoin,725
katzcoin,811
bitalphacoin,980
prizm,1042
biglifecoin,1049
imperialcoin,1163
silkcoin,1238
cartercoin,1285
lutetium-coin,1363
social-media-market,122883
mobilecash,123121
picoin,123137
teracoin,123160
etherbtc,230976
cryptowave,266799
people,266800
bitcoin-revolution,297921
lightning-bitcoin,315078
litecoin-ultra,320290
topchain,413350
game,413522
vestarin,437723
educare,459690
bitcoin-god,460902
loan-or-lease,499212
spice-venture-capital-,499214
exchangecoin,511124
bitcoin-hot,518958
1717-masonic-commemorative-token,526986
all-sports-coin,595806
bihukey,611846
moving-cloud-coin,617139
ti-value,617312
educoin,641505
dignity,649026
pork-coin,654004
gtcoin,654011
ankorus-token,657761
platincoin,701067
ultimat,707542
etherzero,711638
gochain,723435
yuan-chain,735541
bitmart-bmx,740142
essentia,742068
travelchain,754511
babel,759655
phoenixcoin,1013
bitcoinultra,773194
lithiumcoin,789074
penta-network-token,829655
kkcoin-token,849454
traxia-membership-token,885931
reliance,886442
medical-token-currency,900259
linkcoin,908103
thorecoin,924110
spindle,928554
libra-token,936385
ethfinex-voting-token,936388
ors-sa,938435
verasity,938436
thorecash,962631
couchain,976241
kreita,995645
mossland,1008424
bqt-token,1023753
flcoin,1105489
algory,1120992
v-id,1122019
bob-token,1122703
project-pai,1123385
bumo,1134810
coinex-token,1138553
coinmeet,1153874
morpheus-network,1166994
xmax,1170740
gonetwork,1207195
dacc,1209579
box-vault,1232913
intermational-crypto-x,1237513
foin,1240412
vethor-token,1248413
whenhub,1250287
hycon,1270054
cotrader,1288801
hitchain,1294096
thorenext,1306014
hypercash,1306192
araw-token,1381183
eosblack,1382044
tct-coin,1408426
uchain,1424856
eosforce,1424864
spendcoin,1430519
ultiledger,1437026
ontology-gas,1457741
carat,1459973
the-midas-touch-gold,1467167
usdc,1471444
metadium,1510367
baerchain,1510392
palletone,1510464
vestchain,1510476
humanscape,1510484
hyperquant,1510540
aergo,1510620
stronghold-usd,1510626
cova,1510642
aunite,1510702
android-chain,1510716
esbc,1510738
plair,1510745
bittorrent,1510785
btu-protocol,1510786
lto-network,1510788
vollar,1510879
fetch-ai,1510890
wisdom-chain,1510919
blockcloud-token,1510921
the-force-protocol,1510936
ocean-protocol,1510952
carry,1511032
synereo,1511053
wirex-token,1511063
harmony,1511069
luna-(terra),1511102
ftx-token,1511103
soverain,1511155
winecoin,2
darkknightcoin,3
vip-tokens,4
xanaxcoin,7
aliencoin,9
jiffycoin,13
tellurion,14
zoomcoin,18
premium,19
unus-sed-leo,1511020
bitstake,20
rialto.ai,21
milkcoin,22
wild-beast-coin,24
quantum-resistant-ledger,26
bananabits,28
specie,31
giotto-coin,35
prospercoin,36
cryptokenz,37
ixledger,38
globalboost,39
cryptcoin,40
zrcoin,42
atlant,47
platiniumcoin,51
mineum,53
zeitcoin,54
milocoin,56
xcash,60
energycoin,62
sfe,64
swingcoin,70
metal-music-v3,71
gizmocoin,74
macroverse,77
gridmaster,78
warpcoin,81
numberscoin,83
bam,84
tokencard,85
bigup,87
swiscoin,90
waves-community-token,94
chronobank,95
number7,97
cryptoworldxtoken,98
infinite-coin,99
veritaseum,101
travel-coin,102
bitz-coin,107
ionomy,108
biobar,109
orocoin,110
craftcoin,111
forever-coin,112
coralpay,113
wood-coin,114
swarm-city-token,115
moincoin,119
berncash,122
procom,124
cryptoping,126
upcoin,129
guccionecoin,133
shortycoin,137
mapcoin,138
cybercoin,143
russiacoin,167
etherdoge,177
x2,178
litebitcoin,187
coinmatic,188
bitmoon,189
lookcoin,191
trollplay,193
paypeer,195
potcoin,198
ascension-coin,203
happycoin,204
titcoin,211
startcoin,213
yobitvirtualcoin,215
mollycoin,216
skullbuzz,218
nebuchadnezzar,223
tennet,225
xtrabytes,226
edrcoin,228
victoriouscoin,229
timescoin,232
unitus,234
hempcoin,235
minex,237
rimbit,239
bitokx,241
encryptotel,242
covesting,244
mass-coin,247
luxcoin,248
zennies,249
zetacoin,251
singular,254
audiocoin,255
counterparty,256
egocoin,258
francs,261
aegis,262
crea,264
bittokens,265
primecoin,273
monetaryunit,274
crankcoin,276
morpheuscoin,277
pacglobal,281
babes-and-nerds,282
bitboss,283
boolberry,284
xcoin,285
bitsend,286
spacecoin,290
b3-coin,291
mind-gene,297
rubycoin,301
yamahacoin,302
pencoin,305
pesobit,306
donationcoin,197647
unobtanium,309
radicalcoin,316
alpacoin,317
marvelous,323
hazmatcoin,328
ufo-coin,331
flavorcoin,332
betacoin,335
trumpcoin,336
psilocybin,337
glowshares,339
true-flip-lottery,342
elacoin,343
tomahawkcoin,357
rise,358
multiwallet-coin,364
troll-payment,365
earthcoin,367
kayı,369
bitcrystal,373
draculacoin,374
secretcoin,377
blazercoin,384
boscoin,387
alexandrite,388
copperlark,389
chesscoin,393
dopecoin,394
lanacoin,395
psicoin,396
memessenger,398
yaccoin,400
encrypgen,401
europecoin,404
pluton,406
polybius,408
onix,409
mysterium,411
investfeed,413
emporiumcoin,414
bitradio,415
seedshares,417
fantomcoin,419
rubies,421
mass.cloud,425
firstblood,428
choofcoin,432
nullex,437
kuboscoin,442
vootcoin,446
marijuanacoin,447
equitrader,448
skincoin,452
nukecoin,454
anti-bitcoin,455
incakoin,459
cobracoin,463
bombcoin,465
nyancoin,469
luckyblocks,472
beachcoin,474
dubaicoin,1966
edgeless,479
salus,481
octanox,482
trueinvestmentcoin,484
hubii,486
feathercoin,492
gcoin,498
planetcoin,501
octocoin,502
florincoin,503
goonies,504
emark,505
motocoin,510
boom-coin,511
bata,512
noocoin,514
bullion,516
teamup,517
primalbase,518
numerai,520
zero,526
saffroncoin,528
wmcoin,531
boats-and-bitches,534
cryptopennies,536
dcorp,537
dark-moon,540
mobilego,541
slimcoin,542
zclassic,546
hyperstake,547
martexcoin,548
neutron,558
ties-network,564
iconic,566
bitcedi,568
cream,569
bitswift,574
condensate,575
redcrowcoin,577
latium,578
darkkush,590
exscudo,593
universe,594
veltor,597
tappingcoin,600
miscoin,601
deltacredits,603
hodlcoin,604
quartz,605
darkether,606
bitvolt,607
petrodollar,609
takcoin,610
gameleaguecoin,611
bitcoin-plus,614
pupacoin,615
darkgold,616
goldblocks,617
sharkcoin,618
brickblock,622
kushcoin,623
leacoin,624
techcoin,628
pesetacoin,632
gamebetcoin,639
ybcoin,641
sexcoin,645
mmxvi,646
eurocoin,648
exchange-union,650
unify,651
vaperscoin,652
spreadcoin,665
cobinhood,667
insanecoin,672
sweetstake,674
battlecoin,678
myriadcoin,680
bolivarcoin,684
hexxcoin,686
nubits,690
fujicoin,691
cryptojacks,695
mbitbooks,697
c-bits,699
sunshotcoin,702
bestchain,703
eagscoin,706
lazarus,708
ubiqoin,712
altocar,714
wavesgo,717
spaincoin,719
jackpotcoin,724
pinkcoin,726
billarycoin,730
rublebit,733
pwr-coin,736
goldpieces,737
sentaro,739
panthercoin,742
cccoin,748
ninjadoge,749
asiadigicoin,755
postcoin,756
save-the-ocean,762
cbd-crystals,763
ivugeoevolutioncoin,766
uncoin,767
horse-power,768
gridcoin,769
solarcoin,779
anarchists-prime,782
bitzeny,783
16bitcoin,784
2givecoin,785
newyorkcoin,786
xde-ii,791
clubcoin,792
equalcoin,795
openzen,796
universal-currency,797
hive,801
draftcoin,802
nubiscoin,804
high-voltage-coin,805
cryptojournal,812
debitcoin,813
united-arab-emirates-coin,815
pentacoin,817
unity-matrix-commons,818
cannabiscoin,820
hamstercoin,825
greencoin,827
fonziecoin,830
avatar-coin,832
ros-coin,836
bitcoin-scrypt,837
digital-bullion-gold,839
stresscoin,842
wbtc,845
nimiq-exchange-token,846
janecoin,847
duxcoin,850
cannacoin,855
pillar,857
noblecoin,860
paragon,862
fistbump,863
bonpay,868
turron,870
coinonat,871
teslacoilcoin,872
exitcoin,874
vericoin,876
lenincoin,879
litebar,885
bitcurrency,886
mooncoin,889
acidcoin,890
socialcoin,892
the-hempcoin,893
stealthcoin,894
zeta2coin,897
litecreed,898
quebecoin,900
elite,903
dao.casino,906
tigercoin,908
inceptioncoin,910
tecoin,911
coin-magi,918
the-vegan-initiative,919
litedoge,921
aventcoin,925
krypton,926
guppy,929
baseballcardcoin,931
icobid,932
maxcoin,933
hirematch,934
cooldarkcoin,936
amsterdam-coin,939
supercoin,940
icash,945
krugercoin,946
kick-token,947
signatum,951
spincoin,956
litestar-coin,959
invictus,963
decent,965
elementrem,968
analcoin,973
arab-league-coin,978
intelligent-trading-foundation,981
indorse,985
techshares,987
fitcoin,988
omnicron,989
scryptcoin,991
obyte,992
orlycoin,1001
easymine,1002
nxecoin,1003
soulcoin,1004
novacoin,1005
sosnovkino,1006
adtoken,1007
digigems,1011
coin,1014
happycreatorcoin,1020
tdfb,1021
ahoolee,1024
zcc-coin,1025
degas-coin,1027
genstake,1032
keycoin,1034
darktron,1035
mastertradercoin,1036
okcash,1043
osmiumcoin,1048
marxcoin,1050
phreak,1056
forexcoin,1060
mintcoin,1061
kexcoin,1069
synergy,1071
vslice,1073
acoin,1075
blackstar,1078
torcoin,1079
patientory,1080
digital-rupees,1083
omegacoin,1084
thecreed,1087
mastercar,1089
unitarystatus-dollar,1090
armory-coin,1093
crown,1094
selencoin,1096
iwallet,1100
steps,1101
nushares,1102
leverage-coin,1107
steampunk,1108
persistent-information-exchange,1109
privatix,1110
bowscoin,1115
chip,1116
arguscoin,1118
macroncoin,1120
execoin,1121
charity-coin,1124
mindcoin,1131
ibankcoin,1132
sportscoin,1133
bitclave,1143
santiment,1144
leocoin,1145
starta,1149
zayedcoin,1151
save-and-gain,1153
arbit-coin,1157
voyacoin,1166
starbase,1170
limited-coin,1174
espers,1175
moneta,1178
limecoinx,1180
npccoin,1181
pakcoin,1182
allsafe,1184
zlitequbit,1189
karbo,1193
independent-money-system,1196
cashcoin,1197
ethereum.link,1198
cosmoscoin,1199
tekcoin,1202
exclusive-coin,1204
mediterraneancoin,1206
stalincoin,1207
darkcrave,1208
destiny,1210
zcashdarkcoin,1212
core-group-asset,1215
plncoin,1216
autumncoin,1218
gravitybit,1219
loco,1228
samsara-coin,1230
linda,1234
belacoin,1235
battlestake,1240
global-currency-reserve,1241
extremecoin,1242
duckduckcoin,1244
ringcoin,1247
mustangcoin,1248
revenu,1251
megacoin,1253
speccoin,1254
delightpay,1255
dinastycoin,1256
incent,1257
inflationcoin,1258
riecoin,1260
genesyscoin,1264
let-it-ride,1266
liviacoin,1267
capricoin,1269
hazecoin,1270
2bacco-coin,1271
matryx,1273
cravecoin,1277
zurcoin,1278
gamecredits,1281
minersreward,1282
artbyte,1283
smurfcoin,1289
social-nexus,1291
trickycoin,1292
subscriptio,1300
nanotoken,1303
dragonsphere,1304
neoscoin,1310
tetra,1320
supreme,1322
terracoin,1329
voxels,1330
posex,1331
iocoin,1332
gram-coin,1335
trustcoin,1336
wavesnode.net,1340
poisonivycoin,1341
smileycoin,1343
carboncoin,1344
joulecoin,1347
deeponion,1352
satoshimadness,1354
opes,1356
purevidz,1358
heelcoin,1359
avalon,1360
netko,1365
emercoin,1366
hitcoin,1367
kobocoin,1368
bearddollars,1369
nefariouscoin,1370
growncoin,1372
embercoin,1375
beats,1376
prime-x1,1378
urocoin,1383
bosoncoin,1384
yaycoin,1385
365coin,1390
superiorcoin,1391
bitcloud,1395
stox,1396
namecoin,1397
fazzcoin,1398
old-dogs-new-tricks,1406
coin-to-the-future,1409
tattoocoin,1413
evilcoin,1415
auroracoin,1418
ricecoin,1419
cabbageunit,1420
404coin,1422
buzzcoin,1424
lgbtqoin,1426
worldcore,1430
resumeo-shares,1433
clams,1434
bitcore,1437
obscurebay,1440
ecocoin,1446
advancedinternetblock,1447
tagcoin,1449
yescoin,1450
jewels,1454
tittiecoin,1455
bluecoin,1456
creva-coin,1464
dimecoin,1467
opus,1469
suretly,1472
unfed-coin,1473
flycoin,1480
creditbit,1483
bitstone,1485
f16coin,1489
transfer,1490
cryptocarbon,1491
ratecoin,1492
vsync,1495
diamond,1497
asia-coin,1502
putincoin,1504
crystal-clear-token,1607
nolimitcoin,1832
firstcoin,1933
cryptonex,2013
spots,2136
deep-gold,2489
marscoin,2658
tothemoon,2996
blockv,7446
3des,7545
crowdwiz,7640
sumokoin,7766
blockcat,7928
blackmoon-crypto,8730
paycentos,8792
eventchain,8889
rcoin,8984
astral,122764
playkey,122766
ethereum-cash,122772
zeusshield,122774
wild-crypto,122785
brat,122786
crypto-tickets,122788
bonescoin,122792
wish-finance,122796
e-chat,122798
clout,122800
regalcoin,122805
rupee,122806
womencoin,122809
advanced-technology-coin,122813
dynamic-trading-rights,122822
colossuscoinxt,122825
netm,122826
maecenas,122827
paypie,122828
tracknettoken,122834
aircoin,122835
cappasity,122836
voise,122838
flash-coin,122839
uptoken,122842
bitcoinz,122846
domraider,122848
wi-coin,122850
bitlux,122865
covencoin,122866
peerguess,122868
esports.com,122870
crypto20,122871
gameflip,122876
theresa-may-coin,122884
clearpoll,122895
sandcoin,122897
trezarcoin,122902
prosense.tv,122905
red-pulse,122910
cryptopay,122914
toacoin,122919
e-coin,122920
mao-zedong,122933
altcoin,122937
kekcoin,122939
fedoracoin,122941
roulettetoken,122950
dalecoin,122951
platinumbar,122960
dreamcoin,122961
rupaya,122964
coimatic-2.0,122970
bitcoal,122974
javascript-token,122976
harmonycoin,122979
mergecoin,122987
bitpark-coin,122989
iticoin,122990
version,122993
btctalkcoin,122995
valorbit,122997
sproutsextreme,122999
biblepay,123001
guncoin,123002
bitasean,123004
unrealcoin,123006
electra,123014
emoneypower,123019
ponzicoin,123022
zetamicron,123023
popularcoin,123025
crtcoin,123029
blazecoin,123032
xonecoin,123038
tradecoin,123040
concoin,123041
selfiecoin,123043
p7coin,123044
project-x,123046
nodecoin,123047
bigboobscoin,123049
geysercoin,123052
swaptoken,123055
segwit2x-[futures],123064
swisscoin,123067
everus,123070
i-bitcoin,123077
deuscoin,123080
flypme,123082
iethereum,123086
btcmoon,123089
vulcano,123091
chronologic,123095
rabbitcoin,123098
peepcoin,123100
bubble,123111
stronghands,123112
operand,123118
primulon,123124
animecoin,123131
richcoin,123139
kashhcoin,123142
wowecoin,123143
shellcoin,123147
cashme,123149
dashs,123151
wowcoin,123154
mavro,123158
pokecoin,123161
linkedcoin,123164
microcoin,123169
atmchain,123171
shadow-token,123178
colossuscoin-v2,123186
icoin,123189
elcoin,123195
digital-credits,123205
digital-money-bits,123207
bitcoin-silver,123215
tattoocoin-(limited-edition),123237
ethereumlite,123411
egold,123582
bitcloud-2.0,128126
eltcoin,136032
desire,140066
presearch,145617
pure,145954
autonio,145957
open-trading-network,146463
bitcoin-red,146971
neumark,150175
innova,151188
delphy,151357
herocoin,153881
unikoingold,153882
blockpool,155565
aidcoin,158760
atfs-project,162794
interstellar-holdings,162964
cryptonetix,169352
comsa,169689
decent.bet,169859
masari,173898
connectjob-token,175075
sharechain,175076
upfiring,175749
edwardsnowden,176927
bankera,178778
pluscoin,183686
omgame,192601
republicoin,192602
sugar-exchange,193107
gobyte,199333
bodhi,199844
startercoin,203552
energo,204057
bitboost,210785
castle,210786
spankchain,211294
votecoin,214996
kingn-coin,215165
flixxo,220379
lamden-tau,226936
litecoin-gold,227105
ludum-token,227106
stashpay,229798
uquid-coin,238042
shield,239391
ccore,241745
bitdegree,244267
shrekcoin,256368
coinfi,260068
eroscoin,263094
neurotoken,263431
blockcdn,264444
darksaga,277393
neweconomymovement,278402
nagacoin,283616
tokugawa,283954
xinfin-coin,290344
fintab,291017
biocoin,293707
verify,295733
bitair,308676
micromoney,309181
envion,311706
super-bitcoin,311708
hacken,312047
locktrip,312385
yenten,312892
germancoin,323654
bitcoinx,323655
straks,323656
bounty0x,328368
medibloc,328369
htmlcoin,352397
united-traders-token,361646
olympus-labs-token,368747
pylon-network,368748
guaranteed-entrance-token,371129
parkgene,373171
bytether,385250
purepos,396817
fuloos-coin,399714
sparkspay,399716
coinlancer,402100
polis,403974
firelotto,404655
show,407379
guts-tickets,408584
litecoin-plus,413523
atn,413866
spectre.ai-dividend-token,413867
spectre.ai-utility-token,413868
ink,420330
high-performance-blockchain,420671
monkey-project,420672
setcoin,421014
weth,421869
kemcredit,422723
bitwhite,424424
brightcoin,424425
blocklancer,425109
tokyo,426984
syncfab,428519
dragon-coin,428860
etherlite,428862
blockhive,429889
tokendesk,429890
realchain,430741
maverick-chain,433806
arbitragect,433807
insurepal,439257
serenity,441812
unitedbitcoin,452872
trinity-network-credit,454234
molecular-future,454235
indahash,454917
commerceblock-token,455258
bf-token,457305
forty-seven-bank,458667
spacechain,460890
true-chain,460899
databroker-dao,462605
devery,463117
origintrail,464140
bitcoin-smart,465503
fortuna,468060
sentinel,469251
garlicoin,470275
karmacoin,482690
halalchain,484902
electronic-pk-chain,487459
zeepin,487460
matrix-ai-network,491206
cargox,491888
stk-token,495298
swissborg,503466
iungo,508399
crycash,509930
polymath-network,510441
gimmer,515549
thekey,517594
medicalchain,518957
ants-coin,519130
ethereum-meta,519131
aventus,519491
ins-token,519492
datawallet,525281
banca,527669
animation-vision-cash,532263
mktcoin,532264
leafcoin,536687
jointcoin,537368
bitcoin-pro,538903
bitcoin-atom,546056
sureremit,553712
dether,553715
epay,553716
bitcoin-candy,554913
luna-coin,561547
experiencecoin,561548
dadi,568699
tokenomy,570230
soldo,570401
compound-coin,570575
bitcoinstake,571939
kangarobits,571940
squarebit,571942
litkoin,572114
bitcoinfile,572287
bitcoinpay,572459
goal-bonanza,572461
neetcoin,572465
naviaddress,574342
vv-coin,575023
bitgreen,575542
bitrent,579455
tidex-token,580820
nyxcoin,582527
vanywhere,583208
niobio-cash,583379
omega-coin,583550
noxbox,583551
purpose-coin,583552
dehedge-token,591208
rentberry,595464
babb,596494
graffiti-coin,598876
pegascoin,602970
octoin,602971
auctus,602973
epacoin,603145
rock-token,603317
bitcoin-hush,603318
parachute-token,603493
crowd-machine,605027
mouse,608947
coin2fly,608948
bbscoin,610991
te-food,611332
manateecoin,611849
xyo-network,612364
insights-network,613555
poker-chips,617130
coinpoker,617131
dinero,617132
sola-token,617134
fund-platform,617135
golden-fleece,617136
riocoin,617137
goochain,617138
hotchain,617311
folm,619696
bitblocks,620041
education,620214
bitethereum,620218
gems,620903
snetwork,620904
bitvote,620905
taxi,620906
bitcoin-cash-plus,620907
bitsum,623463
stellite,623464
celsius-network,623465
funkcoin,625006
wayawolfcoin,625010
cryptoclub,625014
mentalhealthcoin,625194
girlstokencoin,625197
cryptolottotoken,625199
agri-novus,625202
trumpencecoin,625203
diverse,625205
styras,625206
zonto,625209
teleport,625213
mirocana,625215
rocketpool,625217
signals,625218
zipper,625219
microbyte,627602
bitpokemongo,628456
salpay,628802
green-fingers,628808
stakeit,628810
xaurumgamma,628812
neulaut,628813
funnel,628814
cheesecoin,628818
wcash,628994
vkcoin,628995
eth-share,629001
swarm-fund,629004
bitcoin-private,632921
borderless,633092
fast-bitcoin,633097
anycoin,633102
fastcash,633110
buycoin,633111
climatecoin,633454
datx,635325
omnitude,637709
achilles,637711
sucrecoin,637712
saros,637714
steepcoin,637887
bartercoin,637890
kaicoin,637893
tomorrowcoin,637894
sfi-coin,637899
tlcoin,637901
idealcash,639947
curium,640973
peps-coin,641146
electrify.asia,641147
lif,641323
lioncoin,641324
czecoin,641325
genius-coin,641327
global-social-chain,641328
ubique-chain-of-things,641332
cube,641333
teky,641506
artemine,644233
btc-king,644404
showhand,644406
poker.io,644413
data-delivery-network,644414
ncxx-coin,644757
frozen,644758
u-network,644770
shipchain,645791
graft,648512
devil-coin,648513
zaif,649537
hyperpay,649538
couponone,649541
cashbagcoin,650229
blockchain-terminal,650570
hamster-marketplace-token,652273
ink-protocol,652616
cranepay,653810
balkancoin,653811
moozicoin,653815
alpha-protocol,653817
ethereum-plus,653994
aces-pro,653997
minniecoin,653998
acorn-coin,654000
multicoin,654001
adamcoin,654002
arta-digital,654003
dustcoin,654005
cashtakers,654010
enter-coin,654353
callisto-network,654354
midex,654355
exmr-monero,657418
niobium-coin,657759
scancoin,657935
trapcoin,657938
blackjack,657940
deciphercoin,657942
datocoin,657943
cryptobyte,657944
durer-coin,657946
weekendcoin,657947
nau-token,657948
partycoin,657949
tgs-token,657950
gkobuscoin,657951
solocoin,657954
yob2x,657958
brahma-coin,657961
scitw,657963
rucoin,657964
editcoin,657965
ctlcoin,657966
europe-united,657968
bitrewards,658139
lydiancoin,661036
instacash,661037
thomasjefferson,661040
dxocoin,661041
superturbostake,661042
summitcoin,661043
raidercoin,661047
rocket-coin,661048
samuraicoin,661049
silco,661050
sleepcoin,661051
charg-coin,665483
chimaera,670250
futurocoin,671272
revizor-coin,674843
nanjcoin,675016
nebeus-token,675017
kind-ads,682331
olxa,689647
localcoinswap,694412
adamant-messenger,698842
bitcoin-unicorn,699186
geneviève,699187
cgcoin,699365
torq-coin,703789
egame,703961
lendroid-support-token,707022
blue,707538
youlive-coin,707541
meshbox,707548
aken-cash,711634
levelnet-token,713340
apollon,715733
boutspro,715737
skraps,715738
pantos,719140
stockchain,719141
ombre,721524
litecoin-private,723231
01coin,723234
arion,723236
ferrum-coin,723238
minedozer,723423
veggie,723432
electrum-dark,735344
mfcoin,735345
uservice,735349
nectar,735350
sakecash,735353
pluracoin,735357
iridium,735358
pyro,735361
bitcoin-monster,735362
valuecyber,735542
switcheo,739626
bitcointoken,740137
turtlenetwork,740138
ecos-token,740141
hurify-token,740316
turing,740328
hochiminh,740330
nixoncoin,740331
toolcoin,740332
ventrix,740333
rac-token,740334
utle,740335
xdecoin,740337
ltcgearcoin,740338
workercoin,740340
minecoin,740341
nitrocoin,740342
twerk,740343
two-coin,740346
vcoin,740347
vector,740348
veneficumcoin,740349
onek-coin,740354
xaviercoin,740355
torrentcoin,740356
ecchi,740357
ingot-coin,740361
sembrotoken,740364
fidelcastro,740366
tronic,740367
black-moon,744452
astrcoin,744456
decryptrcoin,744457
johnniewalker,744459
whoppercoin,744460
melonclassic,744461
pigeoncoin,746845
afterether,748040
zcore,749062
bitcoin-interest,749066
mousecoin,750598
monero-classic,754852
varius,755195
credo-verification-token,755197
rublix,755198
xuma,755199
mmocoin,755200
civitas,755202
miner-one-token,755885
business-technology-coin,759459
life-extension,759460
beepcoin,759461
fade,759466
faithcoin,759467
martcoin,759470
satoshifun,759471
karma-classic,759472
bitalpha,759473
stonkacoin,759474
ibits,759475
blackdiamondcoin,759648
witchcoin,759649
mysticoin,759651
riddlercoin,759652
seven-coin,759653
powerstake,759659
skyway-coin,759660
evacoin,759662
iqeon,759663
seedbit,759664
sixaxis,759665
bitcoin-dollar,759668
marbles,759669
bitcoin-uranium,759672
coinaid,759673
rhcoin,759675
crimecoin,759676
futurecash,759677
jockercoin,759678
papaversomniferum,759679
luckysevens,759680
arbitrage,759681
takencoin,759682
entrustcoin,759683
tide-coin,759686
as-coins,759687
bns-coin,759688
bloodcoin,759689
greede,759690
bitcoin-liza,759691
kidscoin,759692
bitcoin-block-holes,759693
dividend,759696
pipercoin,759697
bnbx-coin,759699
curves,759700
digiwage,767524
farm-coin,768209
eristica,768381
allinone,768382
finshi-capital,768385
equitybase,768560
potentiam,768564
italian-lira,768565
profit-hunters-coin,768572
thug-coin,768575
gamestars,771297
blitzpredict,771982
goldencoin,773179
safe,773184
demoncoin,773186
256coin,773187
welltrado-token,773189
b2coin,773192
biggoldfishcoin,773193
agro-token,773196
aureuscoin,773197
accelerate,773199
artificial-intelligence,773200
bitcoin-n,775931
scriv-network,783930
xim,784629
datecoin,789053
wintoken,789055
tyrtkov,789058
etheal,789059
repo-coin,789060
bank4you,793512
antifraudchain,793516
blast,797946
ceek-smart-vr-token,799647
alpha,802199
greed,802200
thug-life,802202
newton-coin,804588
netkoin,804759
valuto,804763
social-activity-token,804764
pro-expert,804766
thrive,804769
floripacoin,804771
six-domain-chain,810047
themis-global-escrow-token,810220
monetize-coin,810221
bitcoinclean,810226
alpha-token,816690
vites,816863
withcoin,816867
abao,816868
fintrux-network,817043
bidipass,817558
zealium-coin,822151
effect.ai,824714
taler,824715
genesiscoin,829138
free-coin,829652
witchain,829834
public-reputation-network,829835
tontine-token,829836
sentinel-chain,830007
patron,833069
payment-coin,834449
ddm-token,834451
mex-token,834625
otcbtc-token,834626
cdctoken,838552
vipstarcoin,838556
ino-coin,838557
wiki-token,838558
ogncoin,842984
xyzcoin,843157
qwertycoin,847239
runestonecoin,849457
morpheus-infrastructure-token,849463
lendingblock,858152
feirm,863270
bloc-coin,865831
arto,871788
loki,871789
jumpcoin,882847
sparta,883360
amon,883535
fantasygold,883536
lambocoin,883538
aaa-coin,883542
proud-μoney,883543
kryll,886618
fuzex,894968
peony,896499
arionum,896503
braziliex-token,896508
daostack-token,896510
coinnec,900262
sakura-bloom,900440
weycoin,900441
rapidchain,907927
xchain-token,907929
emergencycoin,912359
threefold-token,919856
paymon,924285
lucyd,924286
bali-coin,924287
monerov,924292
energi,924293
krosscoin,924294
bitcoinote,924296
bitcoin-incognito,1080786
expocash,928558
axs,932812
canabio,936390
heartbout,936391
liza-fork,936393
mindlink,936394
npcoin,939802
nerva,943037
open-platform,948315
lkrcoin,948316
litecoinz,948317
bcpcoin,948490
trittium,952913
sharering,953429
faceter-token,962626
cryptonationz,962627
skillcoin,971647
giant,976244
yolocash,995816
likecoin,996158
zloadr,996332
ryocurrency,996335
the-freedom-coin,999227
cryptaur,999399
thore-exchange,1004843
safecoin,1008419
koala-kash,1008426
windorscoin,1008428
ragnarok,1021185
mano-coin,1021190
amazingcoin,1023744
rpi-coin,1023751
nyerium,1023925
musdcoin,1023926
litecoin-black,1026652
horyoutoken,1028015
videocoin,1032097
commercium,1032098
birdchain,1032610
cashbetcoin,1032612
top-intellectual-point,1032788
swatcoin,1061724
thunderstake-coin,1069389
plusonecoin,1084706
ternio,1085217
ecocrypto,1085388
bitscreener,1085392
ternion,1092551
buglab,1093233
xdna,1105310
0chain,1105484
pitch,1105487
bidcoin,1109232
vitae,1109573
tatatu,1110596
wab-network,1110947
genesis-x,1113330
hexcoin,1114012
kanadecoin,1114864
fanstime,1126961
tripbit,1130709
excaliburcoin,1130710
sakecoin,1130882
myfichain,1131053
imagecash,1131054
staker,1131229
bostoken,1134461
hashcoin,1134632
florafic,1134634
communitygeneration,1142467
cajutel,1142469
beekan,1144511
digix-gold-token,1145873
finom-fin-token,1146555
dws,1149107
tronclassic,1155930
joint-ventures,1167335
dreamteam-token,1171084
obitanchain,1175172
suncoin-network,1175173
hawaii,1175176
mogwai,1175177
imbrex,1175520
matrexcoin,1175521
sopay,1179436
lemochain,1179437
paxex,1182499
electronero,1191864
actinium,1191865
schain,1191866
social-lending-token,1192038
pdx-blockchain,1192211
aquila,1203270
galilel,1203272
vtl-token,1203446
zper-token,1204130
mvr-coin,1210774
buddy,1224044
stasis-eurs,1224728
carlive-chain,1228648
bffdoom,1232398
mass-vehicle-ledger,1240413
endorstit,1241265
red,1245008
imagecoin,1247562
ether-social-network,1253179
methuselah,1253352
kora-network-token,1253863
maximine-coin,1258120
optitoken,1258122
pkg-token,1261186
atlantis-blue-digital-token,1261187
owndata,1261188
gossipcoin,1261367
gsenetwork,1261538
siacashcoin,1265453
help-the-homeless-coin,1266477
latino-token,1266478
ether-kingdoms,1268180
anti-bureaucracy-coin,1268181
meet.one,1270056
baasid,1270057
cyberfm,1270058
blockpass,1270059
bettex-coin,1272272
bitron-coin,1272273
truechain,1282483
euphoria,1285036
farmatrust,1286739
trendercoin,1286742
spiking,1288783
worldopoly,1288796
nynja,1289150
quickx-protocol,1289156
etherisc,1289843
insureum,1290185
mainstream-for-the-underground,1294097
bitcoin-adult,1302099
stronghands-masternode,1302101
caluracoin,1302102
zest-coin,1306015
iq-cash,1306016
box-token,1306017
smart-ethereum,1306189
tokenville,1306190
indinode,1309943
archetypal-network,1309944
stars,1309946
smart-application-chain,1313547
4new,1319549
kingxchain,1319550
futurax,1324343
gentarium,1324344
yuki,1324347
axpire,1326573
grearn,1326745
zpay,1335472
sun-coin,1335475
knekted,1335649
experience-token,1335651
dav-token,1359954
auxilium,1368679
mirai,1368680
penguin-coin,1368683
xgalaxy,1371594
cyber-music,1371596
ailink-token,1376558
usechain-token,1376559
bitcoin-2,1381187
rapids,1384099
arqma,1384271
ecoinomic,1384273
memez-token,1384274
eth-light,1384276
bitether,1384963
cmitcoin,1388221
payiza,1388398
xrt-token,1388402
realtract,1388403
havy,1401916
zeuscrowdfunding,1404140
reecore,1404144
posscoin,1404319
bunnytoken,1409626
french-digital-reserve,1421770
mnpcoin,1424852
galatium,1424857
boatpilot,1424860
snowballcoin,1424861
sparklecoin,1424862
mobilinktoken,1425898
invictus-hyperion-fund,1425899
cruisebit,1425900
global-aex-token,1437027
cryptrust,1439254
smartofgiving,1439255
zbucks,1442163
internet-of-games,1442165
lunarium,1457564
buysell,1457565
gene,1457745
daps-coin,1459971
vestoria,1459975
goat-cash,1466818
neural-protocol,1466819
primestone,1466994
eclipse,1475378
footballcoin,1475379
helper-search-token,1476064
wxcoins,1483077
mir-coin,1488723
rdctoken,1495055
robet,1495057
medibit,1495060
bounty-busters-token,1495239
wixlar,1495240
snodecoin,1495242
streamity,1495420
cybermoviechain,1495421
telos-coin,1510313
injex,1510315
pirate,1510316
asacoin,1510318
future1coin,1510322
ndex,1510323
eunomia,1510331
surety,1510334
block-chain.com,1510335
divi,1510337
swiftlance,1510345
merebel,1510347
xavander-coin,1510350
midas,1510351
kun,1510358
decentralized-asset-trading-platform,1510361
ninsa-b-token,1510368
fivebalance,1510379
classicbitcoin,1510386
slttoken,1510391
waletoken,1510393
model-x-coin,1510394
zenswap-network-token,1510403
escroco-emerald,1510404
ezoow,1510405
bitdepositary,1510409
bitcoin-zero,1510410
cryptosoul,1510414
hondaiscoin,1510415
skyhub,1510420
kripton,1510423
altbet,1510427
impleum,1510437
bitto,1510439
block-logic,1510443
aiascoin,1510450
weshow-token,1510453
cryptodezirecash,1510458
junson-ming-chan-coin,1510466
internet-token,1510471
sedocoin,1510473
etherinc,1510477
decentralized-crypto-token,1510478
zenzo,1510481
menlo-one,1510487
kazestreams,1510489
stakeshare,1510498
jewel,1510505
udoo,1510506
vidulum,1510514
market-arbitrage-coin,1510515
herbalist-token,1510520
wide-energy,1510522
micromines,1510526
scale,1510527
business-credit-alliance-chain,1510529
xeonbit,1510533
piratecash,1510552
fixed-trade-coin,1510553
bitcoin-bull,1510561
crypto-boss-coin,1510562
siambitcoin,1510564
bitball,1510565
lite-gold,1510566
globex,1510568
beacon,1510571
tychecoin,1510572
susd,1510574
proxynote,1510587
celcoin,1510589
fidextoken,1510592
foam-token,1510595
machine-xchange-coin,1510596
tourist-review-token,1510597
exosis,1510598
bitifex,1510600
agavecoin,1510601
clap-clap-token,1510604
veles,1510611
gravitycoin,1510612
platinum,1510614
spritzcoin,1510621
playgame-token,1510624
livepeer,1510627
trade-token-x,1510628
shivers,1510630
travelnote,1510643
plus-coin,1510644
hellenic-node,1510645
swagchain,1510647
roiyalcoin,1510655
beldex,1510657
xrp-classic,1510665
agouti,1510666
electronero-pulse,1510671
realestatesalesplatform,1510678
netkoin-liquid,1510682
stakinglab-coin,1510689
sentivate,1510690
bitcoin-rhodium,1510697
eazy-community-node,1510701
city-coin,1510710
athero,1510715
treasure-financial-coin,1510736
mesteam,1510740
tercet-network,1510744
hatch,1510749
thorecashtron,1510752
p2pcoin,1510753
maincoin,1510755
buckhathcoin,1510760
newsolution,1510762
kubo-coin,1510767
oen,1510776
bamboo,1510787
bitcash,1510792
one-dex,1510793
dreamteam3,1510795
oneworld,1510802
ethereum-lendo-token,1510805
s4fe,1510810
adscash,1510829
crypto-sports,1510834
koto,1510835
dmme,1510836
derogold,1510838
lytix,1510839
atheneum,1510840
bolttcoin,1510842
hashbx,1510844
elitium,1510845
goldenfever,1510850
swap,1510851
amoveo,1510856
rif-token,1510861
bitmax-token,1510863
platoncoin,1510867
scribe,1510868
scrypta,1510869
spidervps,1510870
klimatas,1510871
delion,1510872
livenodes,1510873
veil,1510874
millennium-club,1510882
betxoin,1510886
kingscoin,1510889
x6coin,1510892
ultragate,1510896
odin-blockchain,1510902
venjocoin,1510903
cutcoin,1510904
bear-coin,1510905
coffeecoin,1510907
motoscoin,1510908
mineex,1510912
credit,1510916
find-your-developer,1510929
cowry,1510933
inmax,1510934
lition,1510935
litecoin-finance,1510939
zer-dex,1510945
99masternodes,1510960
mchain,1510962
kolin,1510968
gric-coin,1510969
switch,1510971
verisafe,1510977
nash-exchange,1510985
poseidon-network-(qqq),1510986
funtime-coin,1510989
sapphire,1510992
1million-token,1510993
internet-exchange-token,1510996
merge,1511004
andescoin,1511009
digital-world-exchange,1511016
metahash,1511017
titan-coin,1511021
ethplode,1511025
ampleforth,1511027
ooobtc-token,1511031
claymore,1511035
mobile-crypto-pay-coin,1511039
taklimakan-network,1511040
zano,1511073
tychexchange,1511076
mdtoken,1511081
audax,1511082
harcomia,1511090
golden-token,1511101
bitbook-gambling,1511104
ycash,1511116
stronghold-shx,1511120
cryptrox,1511130
chainx,1511132
bitcoinsov,1511135
cash2,1511136
warranty-chain,1511143
netbox-coin,1511148
jackpot,1511153
bare,1511154
encocoin,1511159
swipe,1511163
devault,1511166
limitless,1511169
bitforex-token,1511170
bora,1511172
tch-app,1511175
xceltoken-plus,1511176
mx-token,1511180
ankr-network,1511182
chiliz,1511184
2x2,1511188
reviewbase,1511190
konjungate,1511193
ndau,1511194
eska,1511212
zeroclassic,1511214
beyondcoin,1511217
tradeplus,1511242
touriva,1511244
jade-currency,1511246
bitcoin-token,1511248
joule,1511249
vinci,1511250
ogo,1511255
chr,1511256
documentchain,1511257
cryptobucks,1511260
malwarechain,1511261
masterwin,1511264
glitzkoin,1511270
nervos-network,1511275
golden-ratio-coin,1511279
bitcoin-vault,1511280
q8e20-token,1511282
exorium,1511283
digidinar-token,1511286
tap,1511287
emrals,1511288
roobee,1511293
ouroboros,1511296
waves-enterprise,1511302
hedera-hashgraph,1511303
playfuel,1511304
nfx-coin,1511318
binance-usd,1511323
seed-venture,1511347
cashhand,1511348
pengolincoin,1511352
,1511353
senso,1511358
kublaicoin,1511360
kmushicoin,1511362
husd,1511363
uca,1511366
barkisnetwork,1511383
goldenratio-token,1511384
coti,1511387
cryptocurrency,1511389
pyrk,1511392
ghost,1511394
infinite-ricks,1511437
bitcherry,1511485
troy,1511707
meta,1511718
tendies,1511839
timelock-coin,1511878
halving-coin,1511908
macro-tokens,1511910
unifi-defi,1512150
modern-investment-coin,1512217
ultra-clear,1512218
lunch-money,1512269
energy-web-token,1512393
axel,1512413
safe-deal,1512423
avalanche,1512453
bitcoinpos,1512552
speed-coin,1512601
yusra,1512620
azzure,1512721
grafenocoin,1512857
yearn-loans-finance,1512957
yearnagnostic-finance,1513062
etheroll,91
us-dollar,1505
euro,1506
british-pound,1508
japanese-yen,1509
russian-ruble,1525
turkish-lira,3403
chinese-yuan,1519
indian-rupee,1530
australian-dollar,1528
south-korean-won,1520
brazilian-real,3315
singapore-dollar,1526
polish-zloty,3301
canadian-dollar,1507
ukrainian-hryvnia,3401
indonesian-rupiah,1524
hong-kong-dollar,1527
swiss-franc,3347
nigerian-naira,1523
thai-baht,3247
new-zealand-dollar,3373
czech-republic-koruna,3319
mexican-peso,3250
south-african-rand,1522
argentine-peso,3407
norwegian-krone,3405
danish-krone,3311
chilean-peso,3392
israeli-new-sheqel,3342
colombian-peso,3305
philippine-peso,1529
malaysian-ringgit,1521
kazakhstani-tenge,3275
belarusian-ruble,3391
hungarian-forint,3290
swedish-krona,3408
united-arab-emirates-dirham,3264
nicaraguan-córdoba,3308
vietnamese-dong,3349
icelandic-króna,3385
ugandan-shilling,3358
zambian-kwacha,3298
namibian-dollar,3248
bulgarian-lev,3286
bhutanese-ngultrum,3326
iranian-rial,3303
macanese-pataca,3379
swazi-lilangeni,3356
djiboutian-franc,3249
cuban-peso,3289
malagasy-ariary,3327
jamaican-dollar,3368
algerian-dinar,3261
georgian-lari,3304
bangladeshi-taka,3344
zimbabwean-dollar,3380
cape-verdean-escudo,3276
dominican-peso,3357
congolese-franc,3394
guyanaese-dollar,3328
somali-shilling,3369
afghan-afghani,3345
seychellois-rupee,3381
east-caribbean-dollar,3277
uzbekistan-som,3318
cfa-franc-bceao,3395
cambodian-riel,3251
guinean-franc,3291
netherlands-antillean-guilder,3329
croatian-kuna,3370
barbadian-dollar,3409
romanian-leu,3263
brunei-dollar,3306
surinamese-dollar,3346
fijian-dollar,3382
gambian-dalasi,3278
tongan-pa'anga,3359
egyptian-pound,3396
tunisian-dinar,3252
kenyan-shilling,3292
mozambican-metical,3330
vanuatu-vatu,3371
kuwaiti-dinar,3307
haitian-gourde,3383
omani-rial,3320
angolan-kwanza,3360
tajikistani-somoni,3397
comorian-franc,3253
guatemalan-quetzal,3333
eritrean-nakfa,3372
macedonian-denar,3348
são-tomé-and-príncipe-dobra,3384
kyrgystani-som,3280
armenian-dram,3321
aruban-florin,3361
falkland-islands-pound,3399
uruguayan-peso,3255
lebanese-pound,3294
qatari-rial,3334
iraqi-dinar,3269
venezuelan-bolívar-fuerte,3309
bermudan-dollar,3281
pakistani-rupee,3322
nepalese-rupee,3362
serbian-dinar,3256
salvadoran-colón,3295
tanzanian-shilling,3338
lesotho-loti,3375
sudanese-pound,3270
yemeni-rial,3350
saint-helena-pound,3386
papua-new-guinean-kina,3245
moldovan-leu,3282
north-korean-won,3323
honduran-lempira,3363
sierra-leonean-leone,3402
botswanan-pula,3257
belize-dollar,3339
malawian-kwacha,3376
gibraltar-pound,3271
liberian-dollar,3312
cfp-franc,3351
burundian-franc,3389
maldivian-rufiyaa,3246
trinidad-and-tobago-dollar,3283
laotian-kip,3324
panamanian-balboa,3364
libyan-dinar,3299
syrian-pound,3340
mauritanian-ouguiya,3377
paraguayan-guarani,3273
azerbaijani-manat,3313
bahraini-dinar,3352
cfa-franc-beac,3390
samoan-tala,3285
albanian-lek,3325
cayman-islands-dollar,3365
jordanian-dinar,3404
rwandan-franc,3259
mauritian-rupee,3341
myanma-kyat,3378
sri-lankan-rupee,3274
new-taiwan-dollar,3314
south-sudanese-pound,3355
silver-ounce,3260
cuban-convertible-peso,3367
guernsey-pound,3316
chilean-unit-of-account-(uf),3262
special-drawing-rights,3410
chinese-yuan-(offshore),3279
jersey-pound,3293
platinum-ounce,3267
manx-pound,3258
